merchant_key,merchant_name
11_plc_hospitality,11 Plc Hospitality
230_fifth,230 Fifth
24_seven_mini_mart,24 Seven Mini Mart
4b_adekunle,4B Adekunle
5_rabanitos_restaura,5 Rabanitos Restaura
60_e_lake_street,60 E. Lake Street
9_muses_bar_grill,9 Muses Bar Grill
9th_sky_high,9th Sky High
aaa,AAA
abruzzo_ewr_c1,Abruzzo (EWR C1)
agave_maria,Agave Maria
air_margaritaville,Air Margaritaville
airbnb,Airbnb
airport_retail_enterprises,Airport Retail Enterprises
alamo_rent_a_car,Alamo Rent A Car
all_star_seafood,All Star Seafood
all_star_seafood_s,All Star Seafood S
alliance_bakery,Alliance Bakery
aloha_poke_merchan,Aloha Poke Merchan
amazon,Amazon
amazon_prime,Amazon Prime
american_airlines,American Airlines
americano,Americano
andy_s_greek_taverna,Andy's Greek Taverna
angel_orient_zettle,Angel Orient (Zettle)
angel_vape,Angel Vape
anglo_african_property_holdings,Anglo African Property Holdings
apple,Apple
arby_s,Arby's
arden_barbershop,Arden Barbershop
aris,Aris
arlo_chicago_fandb,ARLO Chicago (F&B)
art_institute_of_chicago,Art Institute of Chicago
artcaffe,Artcaffe
asmara_entertainment,Asmara Entertainment
aspen_place_flagstaff,Aspen Place (Flagstaff)
atandt,AT&T
athletico,Athletico
atlanta_airport,Atlanta Airport
attaboy,Attaboy
august_sun_investments,August Sun Investments
auntie_anne_s,Auntie Anne's
avec_west_loop,Avec West Loop
bait_maryam,Bait Maryam
ballie_ballerson_shoreditch,Ballie Ballerson (Shoreditch)
bandit,Bandit
banger_s_austin,Banger's Austin
bao_soho,BAO Soho
bar_partners_inc,Bar Partners Inc
bar_siena,Bar Siena
bbandk_limited,BB&K Limited
beautiful_rind,Beautiful Rind
beauty_and_essex,Beauty & Essex
ben_s_pizzeria,Ben's Pizzeria
benita_bakery,Benita Bakery
berry_park,Berry Park
bert_s_car_wash,Bert's Car Wash
beta_gamma_sigma,Beta Gamma Sigma
beyond_the_pale,Beyond the Pale
big_time_boots,Big Time Boots
bilt,Bilt
binny_s,Binny's
bla_bla_beach_club,Bla Bla Beach Club
black_barrel_tavern,Black Barrel Tavern
blacklock_canary_wharf,Blacklock Canary Wharf
blackwell_s,Blackwell's
blenders_and_bowls,Blenders and Bowls
blind_barber,Blind Barber
bloom_plant_based,Bloom Plant Based Kitchen
bloom_plant_based_ki,Bloom Plant Based Ki
bloomingdale_s,Bloomingdale's
blue_bottle_coffee,Blue Bottle Coffee
blue_haven_south,Blue Haven South
bob_bob_ricard,Bob Bob Ricard
bocado,Bocado
bocas,Bocas
bodega_west_loop,Bodega West Loop
boeufhaus,Boeufhaus
bombay_wraps,Bombay Wraps (Ohio)
bombay_wraps_ohio,Bombay Wraps Ohio
booking_com,Booking.com
bookstore_st840,Bookstore ST840
booth_groups,Booth Groups
bootleggers_inn,Bootleggers Inn
boots,Boots
boqueria_chicago,Boqueria Chicago
bottega_prosecco_bar,Bottega Prosecco Bar
bp,BP
brindisa_soho,Brindisa Soho
british_airways,British Airways
broken_english_taco_pub,Broken English Taco Pub
bubbles_ord,Bubbles (ORD)
buvette,Buvette
c_est_la_vie_cafe,C'est La Vie Cafe
cafe_blue,Cafe Blue
cafe_maud,Cafe Maud
cafe_michelle,Cafe Michelle
cafe_tola,Cafe Tola
caff_nero,Caffè Nero
camden_eye,Camden Eye
camden_local,Camden Local
camden_road_arms,Camden Road Arms
canal_express,Canal Express
card_interest,Card Interest
card_late_fee,Card Late Fee
careem,Careem
careem_food,Careem Food
careem_quik,Careem Quik
carrefour,Carrefour
cars_taxi,Cars Taxi
casa_de_sonia,Casa de Sonia
center_parcs_fandb,Center Parcs F&B
chandarana_supermarket,Chandarana Supermarket
chicago_brewhouse,Chicago Brewhouse
chicago_special_event_square,Chicago Special Event (Square)
chicago_staypineap,Chicago Staypineap
chicago_touch,Chicago Touch
chicago_winery,Chicago Winery
chirl_roanoke_rest,Chirl Roanoke Rest
ciaran_hughes_zettle,Ciaran Hughes (Zettle)
circle_k,Circle K
circle_off_licence,Circle Off Licence
city_of_austin_parks_and_rec,City of Austin Parks & Rec
city_of_chicago,City of Chicago
city_of_flagstaff,City of Flagstaff
city_winery,City Winery
city_winery_chicag,City Winery Chicag
cityfront_garage,Cityfront Garage
cmt_taxi,CMT Taxi
co_op,Co-op
cock_and_lion,Cock & Lion
cofco_limited,COFCO Limited
coffee_garden,Coffee Garden
commons_club,Commons Club
cort_furniture,CORT Furniture
coursera,Coursera
crif_dogs_113_st,Crif Dogs 113 St
cruz_blanca,Cruz Blanca
crystal_edge_restaurant,Crystal Edge Restaurant
curb_taxi,Curb Taxi
cursor,Cursor
cvs,CVS
damn_gravity_books,Damn Gravity Books
delis_supermarket_and_coffee,Delis Supermarket & Coffee
deliveroo,Deliveroo
delta_air_lines,Delta Air Lines
digitalocean,DigitalOcean
dine_it_4ward,Dine-It-4ward
dines_brockwell,Dines (Brockwell)
divvy_bikes,Divvy Bikes
doc_b_s,Doc B's
domino_s,Domino's
doordash,DoorDash
double_chicken_pleas,Double Chicken Pleas
draco_restaurants,Draco Restaurants
dubai_taxi,Dubai Taxi
duck_duck_goat,Duck Duck Goat
duffys_tavern,Duffy's Tavern
duffy_s_tavern,Duffy S Tavern
dunkin,Dunkin'
dylan_murphy_s,Dylan Murphy's
east_village_pizza,East Village Pizza
eastside_amstar,Eastside Amstar
easyjet,easyJet
eataly,Eataly
ee,EE
efay_rent_a_car,EFAY Rent A Car
eko_hotels,Eko Hotels
electric_hotel,Electric Hotel
elephant_and_castle_wabash,Elephant & Castle (Wabash)
elevenlabs,ElevenLabs
emerald_loop,Emerald Loop
emerald_loop_bar_g,Emerald Loop Bar G
emirates,Emirates
emporio_del_grano,Emporio del Grano
et_car_hire,ET Car Hire
etsy,Etsy
etta,Etta
euphorium_bakery,Euphorium Bakery
eva,EVA
eventbrite,Eventbrite
exxon,Exxon
fairgrounds_coffee,Fairgrounds Coffee
farmair_market,FarmAir Market
federales,Federales
fedex,FedEx
fh_management_drin,Fh Management Drin
fitzbillies,Fitzbillies
flashdancers,FlashDancers
flask,Flask
flatiron_coffee_jfk,Flatiron Coffee (JFK)
flats_fix,Flats Fix
fluidfreeride,FluidFreeRide
forever_sales_enterprise,Forever Sales Enterprise
forno_rosso_pizzeria,Forno Rosso Pizzeria
four_seasons_adorn_bar,Four Seasons Adorn Bar
foxtrot_market,Foxtrot Market
foxy_johns,Foxy Johns Bar & Kitchen
foxy_johns_bar_kit,Foxy Johns Bar Kit
frontera_grill_ord,Frontera Grill (ORD)
g_and_g_atlantic,G & G Atlantic
gaijin,Gaijin
gail_s_islington,GAIL's Islington
galit,Galit
gangnam_market,Gangnam Market
gangnam_market_em,Gangnam Market Em
garfield_super_save,Garfield Super Save
gibsons_hugo_s,Gibsons Hugo's
gibsons_italia,Gibsons Italia
gift_baskets,Gift Baskets
gioia_ristorante,Gioia Ristorante
girl_and_the_goat,Girl & The Goat
gloria_s_seafood_city,Gloria's Seafood City
gnocchi_on_9th,Gnocchi on 9th
godaddy,GoDaddy
golden_sands,Golden Sands
good_ambler,Good Ambler
good_night_sonny,Good Night Sonny
google,Google
google_one,Google One
goose_island_ord,Goose Island (ORD)
gourmandise_the_ba,Gourmandise the Ba
grand_canyon_maswik,Grand Canyon Maswik
grand_canyon_national_park,Grand Canyon National Park
grand_cru,Grand Cru
grand_millennium_hotel,Grand Millennium Hotel
granger_co,Granger Co.
green_pig_pub,Green Pig Pub
grotta_di_fuoco,Grotta Di Fuoco
ground_bar,Ground Bar
ground_central_coffee,Ground Central Coffee
grove_ord,Grove (ORD)
guggenheim_museum,Guggenheim Museum
hana_group,Hana Group
harry_carays_navy,Harry Carays Navy
harry_carays_navy_pier,Harry Caray's – Navy Pier
harvard_business_review,Harvard Business Review
hasib_coffee,Hasib Coffee
hattie_b_s,Hattie B's
hattie_b_s_midtown,Hattie B S Midtown
havana_restaurant,Havana Restaurant
haymarket_pub_and_br,Haymarket Pub and Br
haymarket_pub_brew,Haymarket Pub & Brew
heathrow_express,Heathrow Express
heathrow_t3_budweiser,Heathrow T3 Budweiser
helix_pay,Helix Pay
highjump_chicago,HighJump Chicago
hill_country,Hill Country
hmshost,HMSHost
hoexters,Hoexters (New)
hoexters_new,Hoexters New
hogsalt_bavettes,Hogsalt Bavettes
hogsalt_small_chev,Hogsalt Small Chev
hole_in_the_wall,Hole In The Wall
holly_bush,Holly Bush
homeburger,Homeburger
hoppers_soho,Hoppers Soho
hotel_fraye,Hotel Fraye
house_of_blues_chicago,House of Blues Chicago
house_of_yes,House of Yes
hub_51,Hub 51
hudson_london_taxi,Hudson London Taxi
hugo_boss,Hugo Boss
hunt_and_fish_lga,Hunt & Fish (LGA)
hustlesasa,HustleSasa
iconoclad,Iconoclad
ikea,IKEA
il_vizietto_di_cortina,Il Vizietto di Cortina
illinois_department_of_revenue,Illinois Department of Revenue
illinois_secretary_of_state,Illinois Secretary of State
illinois_tollway,Illinois Tollway
instacart,Instacart
intelligentsia_coffee,Intelligentsia Coffee
intelligentsia_mil,Intelligentsia Mil
international_bar,International Bar
interpark,InterPark
ivy_granary_square,Ivy Granary Square
jack_taxi,Jack Taxi
james_elliott_butchers,James Elliott Butchers
jeni_s_splendid_ice,Jeni S Splendid Ice
jenis_splendid_ice_cream,Jeni's Splendid Ice Cream
jfk_beacon_bar,JFK Beacon Bar
jin_bo_law,Jin Bo Law
john_lewis,John Lewis
joong_boo_market,Joong Boo Market
jumpin_jacks_modernhaus,Jumpin Jacks (Modernhaus)
jw_marriott_marquis,JW Marriott Marquis
k1_klub_house,K1 Klub House
kasa_living,Kasa Living
kebab_empire,Kebab Empire
kenya_airways,Kenya Airways
kenya_eta,Kenya eTA
kfc,KFC
kilis_kitchen,Kilis Kitchen
king_of_falafel,King of Falafel
la_colombe,La Colombe
la_josie,La Josie
la_serre,La Serre
la_vita_e_bella,La Vita e Bella
lake_anesthesia,Lake Anesthesia
lange_s_liquors,Lange's Liquors
laundryheap,Laundryheap
lawn_club,Lawn Club
layla_grill,Layla Grill
layla_s,Layla's
le_colonial,Le Colonial
le_grand_comptoir_jfk,Le Grand Comptoir (JFK)
le_meridien_mina_seyahi,Le Meridien Mina Seyahi
lefty_s_brick_bar,Lefty S Brick Bar
leftys_brick_bar,Lefty's Brick Bar
lemonade,Lemonade
levain_bakery,Levain Bakery
levy_united_center,Levy (United Center)
beatrix,Beatrix
rpm_steak,RPM Steak
liberty_london,Liberty London
licensed_taxi,Licensed Taxi
lime,Lime
limitless,Limitless
lincoln_park_zoo_concessions,Lincoln Park Zoo (Concessions)
linkedin_premium,LinkedIn Premium
liquor_bar_ord,Liquor Bar (ORD)
liquorama,Liquorama
live_lean_chicago,Live Lean Chicago
live_lean_rx,Live Lean RX
lizzie_mcneill_s,Lizzie Mcneill S
lizzie_mcneills,Lizzie McNeill's
lock_stock_and_barrel,"Lock, Stock & Barrel"
logs_and_embers,Logs and Embers
london_eastcheap_street,London Eastcheap Street
london_taxi,London Taxi
los_tacos_no_1,Los Tacos No. 1
los_tacos_no_1_che,Los Tacos No 1 Che
los_tacos_no_1_pe,Los Tacos No 1 Pe
lot_d_parking,Lot D Parking
luke_bryan,Luke Bryan
lululemon,Lululemon
luma_ai,Luma AI
lyft,Lyft
lyric_theatre,Lyric Theatre
macdougal_street_ale_house,MacDougal Street Ale House
macy_s,Macy's
madewell,Madewell
mail_boxes_etc_highbury_and_islington,Mail Boxes Etc. (Highbury & Islington)
manchu_wok_ord,Manchu Wok (ORD)
mandarin_oriental,Mandarin Oriental
maple_and_ash,Maple & Ash
mariano_s,Mariano's
mariscos_san_pedro,Mariscos San Pedro
market_street_grill,Market Street Grill
marks_and_spencer,Marks & Spencer
mart_parc_parking,Mart Parc Parking
martin_s_bar_b_que_joint,Martin's Bar-B-Que Joint
matchacita,Matchacita (West Loop)
matchacita_west_loop,Matchacita West Loop
mattheessens,Mattheessens
mattori_s_open_market,Mattori's Open Market
maxwells_trading,Maxwells Trading
maxzi_the_good_food,Maxzi The Good Food
mayhem_beer_and_sandwiches,Mayhem Beer & Sandwiches
mb_hospitality,MB Hospitality
mcdonald_s,McDonald's
mcgettigan_s,McGettigan's
mcnamara_airport_mezzanine,McNamara Airport Mezzanine
medici_gallery_on_57,Medici Gallery on 57
mellow_mushroom,Mellow Mushroom
metropolis_parking,Metropolis Parking
microsoft_store,Microsoft Store
midtown_cafe,Midtown Cafe
millennium_knickerbocker,Millennium Knickerbocker
mirra,Mirra
misfits_market,Misfits Market
mister_wright_fine_wines,Mister Wright Fine Wines
mobifix_gadgets,Mobifix Gadgets
mochinut_chicago,Mochinut (Chicago)
modernhaus_soho,Modernhaus Soho
mokyo,Mokyo
moonshine_patio,Moonshine Patio Bar
moonshine_patio_bar,Moonshine Patio Bar
morpheus_ventures,Morpheus Ventures
mr_quiles_mexican_food,Mr. Quiles Mexican Food
mta_lirr,MTA LIRR
mta_subway,MTA Subway
muze_club,Muze Club
my_place_soho,My Place Soho
nairobi_street_kitchen,Nairobi Street Kitchen
nashrin_matin,Nashrin Matin
nathan_s,Nathan's
neal_s_yard_dairy,Neal's Yard Dairy
netflix,Netflix
new_york_times,New York Times
next,Next
ng_immigration_visa,NG Immigration Visa
nigerian_conservation_foundation,Nigerian Conservation Foundation
nike,Nike
nine_bar,Nine Bar
niu_technologies,NIU Technologies
nohea_cafe,Nohea Cafe
nola_eatery_and_social_house,Nola Eatery & Social House
noodles_etc,Noodles Etc
notion,Notion
now_or_never_coffee,Now or Never Coffee
nuts_on_clark,Nuts on Clark
nw1_dental_care,NW1 Dental Care
nyc_taxi,NYC Taxi
o_hare_parking,O'Hare Parking
o_leary_s_public_house,O'Leary's Public House
odd_sister,Odd Sister
old_coffee_house,Old Coffee House
olympus_hills_bowling_lanes,Olympus Hills Bowling Lanes
open_range_grill_and,Open Range Grill and
openai,OpenAI
openmove,OpenMove
original_roma_pizza,Original Roma Pizza
oseyo,Oseyo
ova,Ova
p_bar_2,P - Bar 2
p_bar_3,P - Bar 3
paddle,Paddle
palm_restaurant_jfk,Palm Restaurant (JFK)
paradise_park,Paradise Park
parkchicago,ParkChicago
parking_meter,Parking Meter
parkwhiz,ParkWhiz
paulie_gees_logan_s,Paulie Gees Logan S
pdl_barbershop,PDL Barbershop
pdl_coffee_co,PDL Coffee Co.
peet_s_coffee,Peet's Coffee
pera_soho,Pera Soho
petes_dueling_piano,Petes Dueling Piano
pga,PGA
phebe_s_tavern,Phebe's Tavern
philippe_conticini,Philippe Conticini
philly_special,Philly Special
philly_special_afh,Philly Special Afh
phoenicia_mediterranean,Phoenicia Mediterranean
pianos,Pianos
pickl_catering,Pickl Catering
picnic_square,Picnic (Square)
plp_events,PLP Events
pressure_smoke_and_vape,Pressure Smoke & Vape
pret_a_manger,Pret A Manger
preto_angel,Preto Angel
primark,Primark
prime_video,Prime Video
printwithme,PrintWithMe
prohibition_barber_co,Prohibition Barber Co
proxi,Proxi
pubkey_nyc,Pubkey Nyc
publican_ord,Publican (ORD)
publik_coffee_avenue,Publik Coffee Avenue
publik_coffee_west_t,Publik Coffee West T
punch_house_tack_roo,Punch House Tack Roo
punch_house_tack_room,Punch House Tack Room
pure_dental_spa,Pure Dental Spa
pylos,Pylos
rabanitos,5 Rabanitos
ranallis,Ranalli's
rawhide,Rawhide
red_door_saloon,Red Door Saloon
red_rock_brewing,Red Rock Brewing
render,Render
renee_malls_ltd,Renee Malls Ltd
restaurants_misc,Restaurants (misc)
rifugio_nuvolau,Rifugio Nuvolau
rintintin,Rintintin
rocca,Rocca
rocky_sporting_club,Rocky Sporting Club
roros_co_limited,Roros Co Limited
route_66_smokehouse,Route 66 Smokehouse
ryman,Ryman
sa_ten_coffee_eats,Sa Ten Coffee Eats
sainsbury_s,Sainsbury's
salem_express_limo,Salem Express Limo
salt_lake_roasting_co,Salt Lake Roasting Co
sazerac_phx,Sazerac (PHX)
sedona_pizza_company,Sedona Pizza Company
send_coffee,Send Coffee
seoul_taco,Seoul Taco
seth_thai,Seth Thai
shakespeare_s_head,Shakespeare's Head
shoreditch,Shoreditch
shotshak,Shotshak
sifr,Sifr - 660 N Orleans
sifr_660_n_orleans,Sifr 660 N Orleans
simply_fresh,Simply Fresh
skullfade_barbers,Skullfade Barbers
slc_parking,SLC Parking
slim_jim_s_liquor_store,Slim Jim's Liquor Store
smith_s_marketplace,Smith's Marketplace
smithfield_hall,Smithfield Hall
smoke_post,Smoke Post
smyth_the_loyalist,Smyth / The Loyalist
sock_city,Sock City
sofitel_new_york,Sofitel New York
solette,Solette
spanish_court_hotel,Spanish Court Hotel
sports_and_diver_club,Sports & Diver Club
spothero,SpotHero
spotify,Spotify
spuntino,Spuntino
ssp_nederland,SSP Nederland
ssp_uk,SSP UK
stage_door_deli,Stage Door Deli
stagecoach_citylink,Stagecoach / Citylink
stans_donuts,Stan's Donuts
stans_donuts_181,Stans Donuts 181
starbucks,Starbucks
steam,Steam
stickk,stickK
strawberry_hill,Strawberry Hill
summit_retail,SUMMIT Retail
sunny_bowls,Sunny Bowls
sunny_bowls_merch,Sunny Bowls Merch
super_kilimanjaro_entertainment,Super Kilimanjaro Entertainment
susie_s_fine_baked_goods,Susie's Fine Baked Goods
sweetgreen,Sweetgreen
table_donkey_and_st,Table Donkey and St
tac_bar_jamaica,TAC Bar Jamaica
tacombi_fulton_mar,Tacombi Fulton Mar
tacombi_fulton_market,Tacombi - Fulton Market
target,Target
taverna_the_domain,Taverna - The Domain
tavily,Tavily
tech_social,Tech Social
terra_sol_hospitality,Terra Sol Hospitality
tesco,Tesco
texaco,Texaco
texan_taco_bar,Texan Taco Bar
tfl,TfL
tgi_friday_s,TGI Friday's
thai_street_food,Thai Street Food
thames_water,Thames Water
the_abbey_resort,The Abbey Resort
the_bellevue,The Bellevue
the_berkshire_room,The Berkshire Room
the_black_penny,The Black Penny
the_bull,The Bull
the_butchers_daught,The Butchers Daught
the_case_centre,The Case Centre
the_drake_restaurant,The Drake Restaurant
the_duck_hook,The Duck Hook
the_dutch,The Dutch
the_east_pole,The East Pole
the_enterprise,The Enterprise
the_fig_tree_chicago,The Fig Tree (Chicago)
the_gage,The Gage
the_gallivan_center,The Gallivan Center
the_hampton_social,The Hampton Social
the_jackalope,The Jackalope
the_kerryman_chicago,The Kerryman Chicago
the_king_s_head,The King's Head
the_mart_tots,The Mart Tots LLC
the_mart_tots_llc_m,The Mart Tots Llc M
the_monarch_new,The Monarch New
the_palomar,The Palomar
the_porcupine,The Porcupine
the_river_cafe,The River Cafe
the_row_kitchen_pu,The Row Kitchen Pu
the_salisbury,The Salisbury
the_shops_at_north_bridge_garage,The Shops at North Bridge (Garage)
the_souvlaki_greek_grill,The Souvlaki Greek Grill
things_remembered_ng,Things Remembered (NG)
time_out_market_chicago,Time Out Market Chicago
tiny_tapp_and_cafe,Tiny Tapp & Cafe
tip_jar,Tip Jar
tm7_jonny_s_pizza,Tm7 Jonny S Pizza
tm7_jonnys_pizza,TM7 – Jonny's Pizza
toad_hall,Toad Hall
total_energies,Total Energies
totes_isotoner,Totes Isotoner
toyota_of_lincoln_park,Toyota of Lincoln Park
trademark_hotel,Trademark Hotel
trg_holdings,TRG Holdings
trivoli_tavern,Trivoli Tavern
tunde_otukoya_sumup,Tunde Otukoya (SumUp)
twitter_paid,Twitter (Paid)
two_grapes,Two Grapes
uber,Uber
uber_eats,Uber Eats
uber_one,Uber One
uc_hub,UC Hub
uchicago_gifts,UChicago Gifts
uchicago_medicine,UChicago Medicine
uchicago_student_centers_pub,UChicago Student Centers Pub
uchicago_wolfgang_puck,UChicago - Wolfgang Puck
udderlicious_sumup,Udderlicious (SumUp)
uinta_brewing,Uinta Brewing
ukvi,UK Visas and Immigration (UKVI)
uncorked_2017,Uncorked 2017
united_airlines,United Airlines
unseen_nairobi,Unseen Nairobi
urban_pine_eatery,Urban Pine Eatery
v_and_p_fox_locksmiths,V & P Fox Locksmiths
ventra,Ventra
venture_crawl_afterparty,Venture Crawl Afterparty
verizon_wireless,Verizon Wireless
via_313_east_side,Via 313 East Side
village_tap_bar,Village Tap Bar
vinegar_yard,Vinegar Yard
vodafone_top_up,Vodafone Top Up
waitrose,Waitrose
walgreens,Walgreens
warlord,Warlord
wasatch_brew_pub,Wasatch Brew Pub
waterloo_tap,Waterloo Tap
wayfair,Wayfair
weekday,Weekday
west_loop_cleaners,West Loop Cleaners
west_loop_market,West Loop Market
west_loop_pic,West Loop - PIC
whiskey_river,Whiskey River
whiskey_street,Whiskey Street
white_horse,White Horse
white_horse_spirits,White Horse Spirits
white_rabbit_ventures,White Rabbit Ventures
whole_foods,Whole Foods
whsmith_heathrow_t3,WHSmith Heathrow T3
wifi_onboard,WiFi Onboard
wildcraft_kitchen,Wildcraft Kitchen
williamsburg_hitw,Williamsburg Hitw
wired_co,Wired Co.
wolfgang_puck,Wolfgang Puck
world_s_end_finsbury,World's End (Finsbury)
worthwild,Worthwild
xai,xAI
xs_bar,XS Bar
yardi,Yardi
zaro_s_bakery,Zaro's Bakery
zaza_smoke_shop,ZaZa Smoke Shop
zenbusiness,ZenBusiness
zona_cocina,Zona Cocina
zucker_s_bagels,Zucker S Bagels
zuckers_bagels,Zucker's Bagels & Smoked Fish
zuma,Zuma
